title, day, time, link 
Trump’s allies fear he’ll blow the debate — his best chance to regain ground against Harris - POLITICO, Sat, 07 Sep 2024 11:00:00 GMT, https://news.google.com/rss/articles/CBMigAFBVV95cUxQcFZ6MXBRVnctTHdzSmo0eHdwNHFveDJvMmNoNnRweGpvUWIzRXVFcFdXeFo3dE5qUzh1WFRZanlvMVZzY2lXQm1WcjdoZU1PY0V3eU5mM0g4ZEh6c0dSSHJjb2V2S3diNnhPSXduajNrd0FJUXkwSGF4eWtTbjhaWg?oc=5 
Trump’s rambling answer to a child care question deconstructed - CNN, Fri, 06 Sep 2024 21:14:00 GMT, https://news.google.com/rss/articles/CBMihwFBVV95cUxPQXNCZzdJWkU4WGdONDlraGFlYy1fNFUtYUFGZGN1MG5UaDAtZlhPcFMtVDZfTGVqS3pGYnZyYUhCakM0S21GRWpyamhfWjVyeHBRWEltdjN0NEpqVDdiNzNCZ1hWWTlia2dwMndBXzhxVmRkRFlWTk0wMWxrNFJHT2dnSmRKcU3SAX5BVV95cUxQM2pZTWFDMVprcHBLSUlIRWVCemVIUDd2aUlGb2VRRGtBVXZyVjJoTTRFemZKaHUwczNoQ0RXeHlzYUxSUEdtNWw0MnVTd1V2UGEwY1ZYbXdJM2x0TE82Uk1kbUMzRkhYc3dIbnFSaHNfcGdLdW54UU1lTFdWdlE?oc=5 
Why Trump showed up in court for his appeal of E. Jean Carroll’s trial win - MSNBC, Sat, 07 Sep 2024 15:32:42 GMT, https://news.google.com/rss/articles/CBMipwFBVV95cUxNb21abzRyaVIwR0xjTW12alRPd3plU2d0ZUpSem9rVG1iLVV4eHNwT0FGQi13THpfc19XQkJKbDVsT1IybUx3Vk15VmZxWDRzcmxMalVoSXRTRGphS09hSS1QWThQNkRwblh0TWVDdkNCdkw0V1NjZG1xbnNMQVp3OHdMY29xc1hhWDVGUTIyWHEtTHFrcHN1TkRYQ1QxQUc4eEdvQ2Nmd9IBbEFVX3lxTE9hVVBGQkFycEVqWUh1a1pFXzllUVI3Z0NvWm02aGRiTG9xWF9GVGJ4WHRGOWhadDlEOXBIWWNZNnd1eWJKcXZQazlmNVpyemxTd1Nfa1VjcHNxblVTSTNUN0VCYUxEaEhOY0dfWQ?oc=5 
Opinion | None of Trump’s Economic ‘Solutions’ Hold Any Water - The New York Times, Sat, 07 Sep 2024 15:00:03 GMT, https://news.google.com/rss/articles/CBMifkFVX3lxTE9xQjhaSHdHRzQwcEJhZnlrblEwRmxCcTRDVFhvWkJ5M0tEUjVBSGhhczJXczV4RGNHV3RsamlaeFJFUWl4Y0s2X2lnM1N2Rm5FMFlHTlNURWZvbHNtNmY4azhhbUpMUmczTVZMZkM1S3k5YUYzaG5CWHhZWVEyZw?oc=5 
Election 2024 latest news: Trump to campaign in Wisconsin; Emhoff heads to Allentown - The Washington Post, Sat, 07 Sep 2024 16:31:53 GMT, https://news.google.com/rss/articles/CBMinAFBVV95cUxQUWVEaEliRjJ5eDU1Rk1lMmQ5ZnZ5ODR3RXpuU0txdjlyb3cta3ltcmdxUG5RdzNvWk13dnFxelVldU9GUjFlZFExY3BFbjZua0lKOG9TY2VMX0VPU2d5RnZCZzhnU0h2c3VhdmhaR2ZzVVN2X1IxN3ZpMHF0Skl3bzQteGJNS3pEMjhVRlJ1dk9HM2VoY0wzSFA1QWo?oc=5 
Trump claims no 'lifts' or 'stands' will be allowed at debate with Kamala Harris - Fox News, Sat, 07 Sep 2024 15:38:00 GMT, https://news.google.com/rss/articles/CBMilAFBVV95cUxOVjllSXh6X0FJVjBobjFzTGNvekJBMzVSeGpPQzVDV3hUSEw2ZE9aZk9ldVNTYTBNNnNIaHBXYlp6ZHNfMmllcVk0R0REajFQNHJxaWlNTUhiR1k1Z0xEVk0taG5DMk5WaGkwb3ZENUw2V2JCTTNsbm45LW05RFAxZ1ZHaV80Z3ZXR1VQU201N2Zod2tK0gGaAUFVX3lxTE9uemNDV3hUaUNjLXYyVlRzUFUxVzFxS1BIX1pjUTRtTkQ5ZERpQ2t6TGNMZy1aUmR3bFdQYlF5SFdPalJTa0c3di04UmVEbXo3N2VrREg0MmVuZEJuWUcyaWhYMjhvdFBTOWQ5b1BsM1JMNnp0TVpJZk5YdmhJRVpURkRSblZja3c0N1RpZzk3X3RFcUpEZXppaUE?oc=5 
Trump speech shows his biggest obstacle to victory in NC might just be himself | Opinion - Charlotte Observer, Sat, 07 Sep 2024 09:00:00 GMT, https://news.google.com/rss/articles/CBMicEFVX3lxTE9Eb053YjVzZ2VuNnhzcG5VaXdtT2s5U3JoaXZiTjM3bmo3NUdDakI0ZlNQUUYwRVpYcnBrN2R5Vk8zWHB5R1hmTFdNbXJFZExUd3UtVHIyV2tmamZaUWNsMlZ2WFk5SHJWaXBGTzBiV0nSAXBBVV95cUxPUlJfVERPcHllUEtSSG1ZRzNWS0tYRGZBZUdzREhNTmZxZ2VQQ1A0anpiZV9hVnlMYWU1ZDZwV1Zlc0x2ZFVKTUF5dU1DRFdqNTZQX1R3aTNRUVR5SjhWajdzQng1UmRMMnBoSkxaUDEy?oc=5 
He Could Have Talked About Anything Else - The Atlantic, Fri, 06 Sep 2024 18:39:00 GMT, https://news.google.com/rss/articles/CBMiiwFBVV95cUxPWm1razNMc0Z1bndYWkR0OTFvQ3h0Ylg1ZHhGMjQ3THk2cHhEckU0NnhoU3VZSm9ERU9xOTVJZFB3R1dZclBFMkhJeWlWTjV1RlA3cTMtYktNWF80RVpNaUNEQmozeUwyeFJYQzIwYnNqdGpab0pDaUNGRWVvV3lBV25UcG5oVzhqcDBR?oc=5 
Stunning News of Trump Sentencing Delay Sends Message: MAGA Rage Works - The New Republic, Sat, 07 Sep 2024 10:00:00 GMT, https://news.google.com/rss/articles/CBMigwFBVV95cUxQTy1ibnI3SV9qS1J2SkV1QXZ3dXNEcjlhblBzaWRkRTFSRU1UTlJVRXFxWGlRQm9uR3lVX2pIdXVlei1jQTRyd1VVS28zYXljWXZDRGV4ckJ2aGxBTHNIa2lVa2ZBR29DcHJUb3dxOVh3ZnRLR1J6QUFmbi1KejVzbzBWdw?oc=5 
Analysis: Trump’s incomprehensible child care comments appear to have broken a dam - San Francisco Chronicle, Fri, 06 Sep 2024 18:33:24 GMT, https://news.google.com/rss/articles/CBMikwFBVV95cUxPa1ZnU2pZT0p3RGFRTFM4Q2dRN3psWmNlNTh6SEpaNWxrYmdUelNtVDJvUm1RVFBqQk1rOGd6YVFtY3N3blo5Z05vVlY5TG40SXFJTVNWUHlXdU10OUtSSGhPUmxMaWhJcnJNRlNTd2VBQzZfcmlOOWFrRjljRENaSVNMZWlkSmtRQmwwRTVNNzdwSDQ?oc=5 
The latest on the 2024 presidential race - CNN, Sat, 07 Sep 2024 16:03:00 GMT, https://news.google.com/rss/articles/CBMihwFBVV95cUxOeTFBS2JhOGZVQkROajFvOFlOS0xHY0ZiWG9Idi14WlVTSl91bEN4NVM5Z1BXei1qdjZzUGVQNmtsTURpdUlSb3dRVXhUNmxZMUw0Yy1BXzBERHZ2Tk9VX1FIeVNZdk1vaThsakZNWVd0VXkxNm80TTdXSDhLQ3FxYTQwQXMtUEE?oc=5 
Election 2024 Live Updates: Latest Trump and Harris Campaign News - The New York Times, Sat, 07 Sep 2024 14:46:53 GMT, https://news.google.com/rss/articles/CBMickFVX3lxTFBIdVVKNmh2aDd4SWFKd0lVSzhXdEM4a3RtOVAzT2JUYkkwcUZPWFhyVlZyeXZ0dmlabXgyTEwtTnNsYzlWZ0JyekJaTDEybHloT1R1Q2ZVTlhMWVZsbnpaWWtwazgxdnFfUS1XdV9uUkZQQQ?oc=5 
Donald Trump looks to excite white small-town base at Wisconsin rally - Reuters, Sat, 07 Sep 2024 15:12:00 GMT, https://news.google.com/rss/articles/CBMirAFBVV95cUxPTEFWYnc4OWYzd1YtRjhBR3owcHJVNC1jYTFpeWpmZ3FQNUMyU1ZGNDdLb2k3X0d4TTBSckRzajNsVF83cVhkUk9WQ1dYc3NxS1U2R1BJM2hSWUYxRXE3WTZuc0F5Y2VBV0hLTGZwQnMtTEg3WXBfRmhHcEl1SmZwSW5oS0RUQzR5cDgtMklwRkxRS2dmNzNrMmJ6czJwQnFUX0NfdWFxZWpVakhT?oc=5 
How Harris will distinguish her foreign policy from Biden — and Trump - NPR, Sat, 07 Sep 2024 10:00:00 GMT, https://news.google.com/rss/articles/CBMifkFVX3lxTE05dVpDZGptZTUxMERLc05TU0s0d2tzNGhoMnlSTVNDYkNlUXc3SGNGS0JMSUJaV2ZSVGdIdWtzVExDMUZ3bnMyOXdSVEI2SUlBblprQktPZ1dfXzlLUFhwRnVMaWlGWHVBUWtRQkp3QmowQ2Zaa1kta3F6U1BmUQ?oc=5 
Trump rebrands his ramblings as ‘I do the weave’ – but is he just losing it? - The Guardian US, Sat, 07 Sep 2024 16:06:00 GMT, https://news.google.com/rss/articles/CBMihgFBVV95cUxONklHTTltWDZGZFFzTVVqN3BIa0FTM0ttOTFpNlA0c1BmRlVRXzNqb2hzU3VaUGUtalNkbDFTTURONi1wTW5qSDhka1RKdFJ4cnhVVTF6Q0pGVDJHeVJZSGZfbTRkNkR6aVhOZUpnMFVkaDNyTUJMWEh5RE54ZHJQVTRLSV9CUQ?oc=5 
'It's not substance': Trump's ramblings reveal the emperor has no clothes - MSNBC, Sat, 07 Sep 2024 04:15:14 GMT, https://news.google.com/rss/articles/CBMivwFBVV95cUxOWXRZWWZORGlGTDRDejNmN0luN0lhTXk2U0ppOHpKa2RmZ2k1T1RFYlNfZmtoZEMwVVJMaWthTk9QYmpEY2lrLUJUTGxhZ29qakwybmVZd0N3VmMzM2NCX01EZFVRQ092LVd0ODlrTjFmcHZxcEFjOFZ6UmFkQ1lHS1hicEUzbDcxUEJ1WDFoTmwxYU0yUTdEOGlSMW0xeGhtVmNmVjJDaTdob2U0VmJmRE1pOEwzV3RDRVZiMzdUd9IBZEFVX3lxTFBUcTlud25pMThIeWM0VVAwTlVBdG9nbFduQ3ZnVVhiVHo4bU5ieUdBV1EwQXYwZWxSc1RyNTNZLTEwakRPN0dMd0lQb3luRzdRLTN3UU42X1RIa1lnUzNONEtsdFc?oc=5 
The 'underdog' vs a 'blowout': How Harris and Trump are positioning their campaigns - NBC News, Sat, 07 Sep 2024 09:00:41 GMT, https://news.google.com/rss/articles/CBMisAFBVV95cUxPQmtRNE00M1Y0SEd5TkVMRXZmVWo3dVN0ZHJsNkxfdjlJdHBuRld3RGhBM3lVcG5WN0YySHZWTTNoOE50SURSMHBaSzUtQjZwOEhFUEJFSVYwU0hhQ3NlYU1KTE1KTnItVFdDSXRKMzdHeW5xb1RVSFZkR2U5Mk55S3U3UVlfSld5V0ZRVUZHOV9iZ2NPQkpPay1Jc25DRnNXOEZlb1F4ZVB0cGpwSk9rV9IBVkFVX3lxTE5VMlBseW1RcDhGS01xcHJmNVprWjZSOXlUR0ZPclhGSm92NGFoUW43cnoxbkRWbVZ1NXVnNTd5RVpvbWJkckJoYUtQY1FzczdteGwxazlR?oc=5 
Trump campaign tells House GOP to expect “fine” debate from Harris - Axios, Sat, 07 Sep 2024 08:27:22 GMT, https://news.google.com/rss/articles/CBMingFBVV95cUxPQnVBLVZZQWtOWjhnN25VamtnTWctUXFxTjJSSFV0dlZadjFFYm0xSHJFZ1Z3Z0xJN3RzWkY2Sm12V3R3UlczUndKREFTTWg3Tk9XYzdzdWJ4YVo1OHY3cy0wVmtZekJhbzdJZEJoMTM0cVgwNExsRGNNMnI4WmU3ZkhGUHM1Yi02Y3UzaW1aRFUzMnJFS2I1d3VrT0dmUQ?oc=5 
Trump slams Dick Cheney as ‘irrelevant’ after he backed Harris - The Hill, Sat, 07 Sep 2024 12:10:00 GMT, https://news.google.com/rss/articles/CBMirwFBVV95cUxNdWhzVDFxN09DNFBKNUtCcnZuOHhJeDJ4Y0VHZ1dsVmtPb2dxczVlaWFCYVpBOFdNdk95SXFYLXpRTUJoN1R4UGRXOWZnbzRrQnJGa0JZUVJWX3RsZ2d1SFp2VEE0VGRmcnJGTVFnX2pFTjVfck9rNUVnR1ZyS24tbnczblpnTVFKRFRrUkQ3LTVXUF9nZXh3N29HQmlCLWkyeC1fb1pWeUg3d2hMMjZV0gG0AUFVX3lxTE95YWNuMzZkNWkzQnBmSGpYRGZCMHMtTGxSVVRjbjVJcHlQSzN2LUZWRk9hZGpCbjZYUzJ6N1pIeHlRWGk1RFhvNDhOYmlmVkdRc1luQWFqV241cFRLV1hxdUY1UzVucWMzQ3NLdlpJOEhMbzUzM3lieWRuSFUzZDJ4dmxnZlRLLS1YdVdSd2hfTFZQaFZhTDRrNmxET0V0STRlSTBrNGJsNjI5eXM0MEJYWHhuSw?oc=5 
Trump heads to a deep-red part of swing-state Wisconsin to talk about the economy - The Associated Press, Sat, 07 Sep 2024 08:43:00 GMT, https://news.google.com/rss/articles/CBMioAFBVV95cUxOMVRXZHZxa09GdnFRN1JJcjhkaEFsbENKVHozelB2RU5RM3hRd3o2MjdXTnZtdTBnSlhNUExWT1ROV1RPdDdkVnpZZEVBTHA4VWlUckJldU9XcE9VcFBoWnN2VzZJbnZuRFpPQkpLNzdBSUExQ1I4Mk0yN0psMlVFc1JDRDZfTnhKdWQ3amdaMUdiMU9qZE0tSUhUV25BQXNi?oc=5 
Opinion | Why I Still Think Trump Will Win - The New York Times, Fri, 06 Sep 2024 19:00:13 GMT, https://news.google.com/rss/articles/CBMibkFVX3lxTE9kMkFXZW0yVDlTdWFKb2pqb1ZwVTd4c014eE5JTm9qRXBGRnZGWW5JTW9obkJNamFvT3IycUN3ZlRsWmszMWhHZ2stZ1dhclRWRmdicmdCYjVPaS1WdkI4a2FYNHhsZE1kYzRWUHpn?oc=5 
Opinion | The Wonderful Trump Headline Machine - The Washington Post, Sat, 07 Sep 2024 04:05:29 GMT, https://news.google.com/rss/articles/CBMiiAFBVV95cUxPcVdleENFbXRCWlFfQk5qZWxwMS04LWtOTE5XVXlKUFMzXzFoUDBEM0dwMDJ3LTZhaEpiamt6dXdrYjdlVklsMzBxTnBpMzBKanY5V1A4ZnYzTGQzaHV0X3ZWdE5Yd2V0dlY2Y2h2QTVqNkM4Smw0bVQ4ZS01SnhlbDlWOTh5WkF5?oc=5 
Judge delays Trump’s sentencing until after the election - CNN, Sat, 07 Sep 2024 12:31:00 GMT, https://news.google.com/rss/articles/CBMiiAFBVV95cUxOYTQwTXRWamQxQ0wxekZtbDhmMWF6YjNnamtOZG9FaTRCcDFFb242V1d1czRRY243UWx0ci0xX0s2ZFJiWEEtdXZ0SGVHRkV3MEd4eElTNWduVUNHQkZGQlBTeTJtaHdqMmhBM25QRlZVTDUtN0E2dC1KQ2NNd0doa1ZNT2VOM2tk0gF_QVVfeXFMTUJDNVBiTjA1a0NfVW5qeUFPMkxxZUMtYWV1cmNjb3pqU1NNRFN6R0kwdHprX3V2aG9UQUpNYkloMkZuREhzdnprcXRHaV9xbGtra0NBSHgwTHNYYXdPMVZXb3otV1NMX1o2dlpTRVJiaFZmWU1BRzVxdWM3SHZRTQ?oc=5 
Opinion | Cheney makes a strong case against Trump but a weak one for Harris - The Washington Post, Sat, 07 Sep 2024 15:29:52 GMT, https://news.google.com/rss/articles/CBMikAFBVV95cUxNczZIb1BQS2tBS0tRV0JNalIwQ1NqS1U1ZmxlbE41ZlE1SGt6Q0lpVm9aNU9OQTV3T2pjYTlOX1l5OXEwVjNxS3Q0SF94a0NEWHR6am1OWUphMzIyYm1ZQjBCZVl5SWh0Vi1DZXo2VlkxWjVHbVg4emF1M2NQbHZld2pSenVMY01vREQ0RVVfbDQ?oc=5 
Trump Claims Harris’s Rallies Are Smaller. We Counted. - The New York Times, Sat, 07 Sep 2024 09:03:02 GMT, https://news.google.com/rss/articles/CBMimgFBVV95cUxOVk1ncjU3TkxtV1FWRFhjeURjSkgtRlRCMVRfdW5tbzJySl9xM0I0bWc0WkowUXRDTnJzZGUwSUgwb1ZLUF9QUkhZNFhxemFFemxzczFJSlZGajV5TWFDZkJzOHRfejFVb2dyeUVyVTVGa0w1Rlcwd2luNEx6Mm53MzQybXBOTldvWEpsdS1oc0dyckRJN2d0dFdB?oc=5 
Inside the Trump-Harris Debate Prep: Method Acting Insults Tough Questions - The New York Times, Sat, 07 Sep 2024 09:04:33 GMT, https://news.google.com/rss/articles/CBMiggFBVV95cUxQSzNSTjN2ZllFbDFzR3lCX3QzVVBvZTg3cVhGdHBjTWlabHE5VXZyTDJHOUlSN3RaY3VnWnA5T1l3WkYzbE9SN1czcEZpc2xWbmFES0RGeF9sU250RHpuaVNNT0xRczFSTWZnR0lpTjFEeE1BcnVjdUY5TXJkRjlQd2p3?oc=5 
Hillary Clinton Has Advice on Debating Trump: ‘He Can Be Rattled’ - The New York Times, Sat, 07 Sep 2024 11:00:22 GMT, https://news.google.com/rss/articles/CBMikAFBVV95cUxNbmp1VWxVWVJLVGNuN2xRRjJwWWV6M1ZHWTBzRXR0OFdrVWl0aGNoLVNzc2lYZmotOTJfSlNMUjczaG4tUG1uQjYyeDl2SDBHcDNzcnh2WnhVUnVJbjdxZlB2cVZ0SHNxbWRsOUpXd2hlV2FEWDdZX3Z2YktjbDFwb3VKS014RzcybXVPdW16T1Y?oc=5 
Harris’s Combative Debate Style Will Get Its Biggest Test Against Trump - The New York Times, Sat, 07 Sep 2024 09:04:32 GMT, https://news.google.com/rss/articles/CBMie0FVX3lxTE9HNlIyaVJuUkIyb1l2bkRjTnUwdUNybUJXckRhWTQ5TjBETkdmUzFFc25PSUdvOTRxR3RMUkdFZnA4VEFYZGFMQzRmZHpOdXBOaWtjMnFaeHMxdkJyQ0dKemVjd0NodFZnVmtOQW90VUVtMjF4czFNNUZxRQ?oc=5 
How to Watch Trump Rally in Wisconsin After Stocks Tumble on Jobs Report - Newsweek, Sat, 07 Sep 2024 14:46:05 GMT, https://news.google.com/rss/articles/CBMilgFBVV95cUxOTDBYZXkwQ2VvLUtIVHdTNnRVWUp0bEx1aFlfYmMtRmNLMnJHMXcyZGhnYktRc0lFQ2Q0Unl4UTR6aUpWcjJ4RTdCN0NhZ2xwd0htdERZNlBjZndPd19QY2d1WnFadTNkUlltZzBNNEhuQW9KLXd5V20xYWVkUEtwSmwzVDV0THVIZGowYUM2ajJqa005REE?oc=5 
Why Kamala Isn’t Preparing to Knock Out Trump at the Debate - New York Magazine, Sat, 07 Sep 2024 09:00:42 GMT, https://news.google.com/rss/articles/CBMilgFBVV95cUxPZ2lNdDJNdHV0LXMtazJTZU12TXZURE5ySGdYVUV1VE9leFBCR2F2M3ZYRTI2STVRbGFOQ19lN1lLSEVmNFNhS1Nld0djamNaWVd6VFdHaHpBVng4OTBhRUpsaU5YZkpOSGNNM2ZLOE5kVVNTQ2NYYWQtOVJ0akxBV1ppa1BlamIyNzF5RXBUYUducDlsOHc?oc=5 
Judge delays sentencing in Trump's New York criminal case pushing decision past election - CBS News, Sat, 07 Sep 2024 14:07:26 GMT, https://news.google.com/rss/articles/CBMigwFBVV95cUxOa0hRVHQ0VUIwZHhNWTd1WFNHei1TSWdKUGNaUG95VWVWM3VvWVoxY1JVazVOUW9SM1NLSTdJNzNIRGQ2eU5tYk9uV3ZkeS04YXVkV1N2ZVE4ZnF1Ymc3QnpZMW5kN1VsVHdfMzUtdlVaV1NfMy1ycnZBM3ZMZFFOcmUyTdIBiAFBVV95cUxNWHVOaHNfQVdURWVSX19CTVlkSzVYczN6STRKZUxGZ2o2aE11WEpVRjF0SmxOTVoxajN2NmhmTzBlVldhWVhMd05MVjFJZzRVYkdIcE8wR1NHdlNhOEVZV1Nha0ZFenRPLTQ4Y25ZLWJBc3N4VlBnWnFTWFQtRXlGTGg4dm8xT1Rv?oc=5 
DNC to fly banners about Trump-Vance ticket "Project 2025" over battleground state football games - CBS News, Sat, 07 Sep 2024 11:00:12 GMT, https://news.google.com/rss/articles/CBMisgFBVV95cUxOVG1MODl4RjVyYXdlRURLRnFianlwVkxRdmxCRjFHcnlMM3JNRkZBeUNJQURETzJQWTluMmRMdmpLYTNvMnhia25pcl9QZ3pQMWNKbkg3dThYS1hjQ1B5TVk5cE1kR2RLa3hqZ2ZwdzFiY1gtbXFUUTNXOUNxczZTV2dSWVR2UFl4TGxNTlBVV3JUb0NUUTlOZ3JxckxWQUdqRzVQSkxnSVZJYktQNlBqRTRR0gG3AUFVX3lxTE5pbVp2UWI1WGZmQmFXUURKRlVzOEhCMFJLelVBWVYyNFlPWGdhRklwMURucXJaREV0UVdFeVdZTDRNMWdEZVhLZ1dqZWxyOTdsdnBxQzVvUjl1dDduOUljYjFONFpObXhVcTFsWTNabDZGOGQya08ybFcyd0tNYnp1U01UdWpXWk1TSmdXcUQ3bXZYYnNtVW5QbGtTei0wMTVnRlRvTlVrdzJDVTFIQVVLcnpjQ2gwYw?oc=5 
Trump rants resurfaces sexual assault allegations for 49 unfocused minutes - The Washington Post, Sat, 07 Sep 2024 05:36:45 GMT, https://news.google.com/rss/articles/CBMijwFBVV95cUxPcDVIWTFObkxHZEFlajF0ZURPaXFqZ3E0OVMxUG5WamZOVFo1VVVsblctdFdiX013c2VOekI5NlBmQ0VsWllEWlJFY3RSWmFSNjlKd0FMME0xN3B4T3o3S2VfRDFsWlh4UW9LZFYwTXdJd2RHbUhlRlpyeXIwcVAtbW1aZ3h4Vll3VWpyX3RINA?oc=5 
US presidential polls: Harris leads Trump nationally but key swing state races tighter - The Guardian US, Sat, 07 Sep 2024 10:00:00 GMT, https://news.google.com/rss/articles/CBMinwFBVV95cUxPaXdRUlEyNE96ZXE2U0xIejhFVkF6SkpoTmdCWEtrMkFuRzhOamhYMkRQQ1ZLb2RRS09RaWYzX2tNNzFCRUhvZUc3ckZZOFBtYVRmUFMtTnZKcmpmc0tXU1BPNExZZzRsVGk0QnRLVjlBXzlaN2x1R0NrUV9FSDZjRFJTbUZkZzM0bzJqYW42cXlYTTcza3ZOdFdHREd2NXc?oc=5 
Planes Targeting Trump Fly Over College Football Stadiums Telling Voters to Sack Project 2025 (Exclusive) - Hollywood Reporter, Sat, 07 Sep 2024 13:13:16 GMT, https://news.google.com/rss/articles/CBMiqAFBVV95cUxPT09pZEpfcldUbUZBUUZXblpvR0RlSFI0WkhzU0lta3laOWN1S3pPVVR0OFZ3SElsbmYyN1hNSS1fSnhpSThKUmM2eHdheUwwdktabGJMbW5GcnJaa2s3VWUyS1pzTmNxOEgzODdFVXliV1RJUmFrV3Nsc3hfM1p3bWtPYWE5OS1abm1abHBTUV9sUFhiWHk1U3A0aTdwdWJUQ1pwWThUVk8?oc=5 
Harris and Trump are getting ready for Tuesday’s debate in sharply different ways - The Associated Press, Sat, 07 Sep 2024 04:14:00 GMT, https://news.google.com/rss/articles/CBMikgFBVV95cUxQMXFZWFJjeVBSQWVmMG5vcE1Uc2ZLdVVGRjdpbEFQVXhZZmp4R1BaejhKWlRKdEdZZVJHV0lXSFFTd2JsWXhrVXFBdjk5aGxSMXU5VEs3SGhZWUxnZHVMRXQxODE3aktxWGVlSnBwc2c2OWdJaHlmSXJ5a3doU2JlUFhjQkdLVm05eTNwZzdRSDROQQ?oc=5 
Trump takes no questions at lengthy news conference on his legal cases - The Washington Post, Sat, 07 Sep 2024 06:34:52 GMT, https://news.google.com/rss/articles/CBMinAFBVV95cUxQMFBYWldSTGE0eTlmZVkyOEVlTU5ydWFtVGowamJSTmhldlMxZkw0OWtnQy1hUnpITEpwekR0UjVJcmkzam5VZ1RZNW8zZmZWV1lKdFhCRGRWcExlaEl3YmZXejNOMWwxbThGTnhCVTlZRmVCR3hxbXlNb1BaN3QzclRvRWhvdERTZzBJU01iWGEzbDM1REh0bkxRc2Y?oc=5 
Election 2024: Trump's hush money sentencing delayed until after election; Dick Cheney says he's voting for Harris - NBC News, Sat, 07 Sep 2024 03:33:00 GMT, https://news.google.com/rss/articles/CBMipAFBVV95cUxNanhtdm55TU1fQWZjY3BNWkhTS2h1UUk4aUNUQV84QUxZN0I2d2VFZHhKWW95SXVMSWIzem5xTGZQMUljVVB0eGo1T29rTTNWdF95VU1QX3MzS3NvLXh4TFZrXy1xUFVlQjJHb3RzRzFKNm82T1VEODdudkZ0SnNOU2hxVTV1M0lEZ3pUMTRiS2wtRk9FNlg3RGtKWVhxLXRjUkNUT9IBY0FVX3lxTE1IbGhDcXg1dXA3dUV5c25jRk93MGlfNWtxcTJkckxyQ1MzYWlQNWtXM2NLNGF6RmFscE9xaGF2M2VxLXk1bTFlRW5KeTZ4cmM2S2ZfenRRdEZKdUJydnNxcjBhVQ?oc=5 
Judge delays Trump hush money sentencing until after election - Reuters, Sat, 07 Sep 2024 05:06:00 GMT, https://news.google.com/rss/articles/CBMinwFBVV95cUxNcHg5NVUyX3FzQW5BZGV3SnlJUGpNbGQ4TFpzV2dpaThqX0dWT1JLNHJibDBSQzVEeEN5T1lZWjFEOGE1anNROTN0RHNzVkhKZDFZTUJ2enE3dGE3MzVVMkpLS29DMGh2a09xa1o3Sm5ORlVxUTNFV0dWV1RITzk0YWthRlFYa2p3Q3lSa0dmdTVLTTZuWkk5WnVtY1EtTEk?oc=5 
Trump knew Moms for Liberty was the perfect crowd for his hate speech. So he let it fly. - USA TODAY, Sat, 07 Sep 2024 16:19:43 GMT, https://news.google.com/rss/articles/CBMixAFBVV95cUxQMnpIX3BwNDJJTmJHaVd0ZnBkamlBbmdTc2Q0dG1sdk1Hbm45THlibmZmOXdiNDJvaTJuaGNySWZocnl2WE9sdTdWeGtNMmU4eENxb3hVaFpMMHNKLUFuRHh3WUJWb3paMUFvblpXcnAxTGJHUWpJVTVocVd2X3Vqem9lX3I5WWdteUF0UWd0dzF0bzdCRXpTWmVIUGxHR25MTGl6X2MxZVZ5cG1VTjNBTkFaWTJHeUYyOTdGUjlmRDItRUlx?oc=5 
Donald Trump jabs back after Vladimir Putin jokingly backs Kamala Harris - USA TODAY, Sat, 07 Sep 2024 13:55:46 GMT, https://news.google.com/rss/articles/CBMivAFBVV95cUxQNno4WDFuZnhrREhiTVI5TzNIclZOSFV2cWpUeE5BYXdxQVNUSmhVSzlnVWkwUmtyc0FNdXUxSFhaMlk4SWJTNjQtYW9PWklhOVlzcHRURGJLTEJqS1JhZnBKRlFvc1hqTnduWjhoLTdSVjNsMk83UFpybXpOOE9mMnZ3VmNDMk5zM0E1Yjh1Ty1MbERpd3lNRklBRjdZOWZsRzVqNHZabWxucm1VdlpSTW16dW5RNFMtVTdwdw?oc=5 
Judge Merchan's Donald Trump Sentencing Delay Could Have 'Downsides'—Lawyer - Newsweek, Sat, 07 Sep 2024 12:47:09 GMT, https://news.google.com/rss/articles/CBMiiAFBVV95cUxPUlplZVhkTG9NZzRKeTc5WnExSTFWeEFEV2c1V0c1eDJQd0lFczgzc2xPcmxVcG15bE9aSWh1TGh5alpBRXhzNllSNUIzMjkyVTBLYTkwazlJLVZZeVJlMnNNUEViZzNTUFlxUElTYVAzMHJXN1IyUEFKd2dNSi1sSXY3d2NKQm91?oc=5 
Kamala Harris prepares for volatile moments with Trump in debate - NBC News, Sat, 07 Sep 2024 00:33:00 GMT, https://news.google.com/rss/articles/CBMirwFBVV95cUxPTFJuY0hMOW9HQmRFenhsZGhDUHBMSnMyMmNZcXp5amZRb3hrQmZyTzZjb1BWMkhRbUFiT0VVbmtmQ1lqMkN6MzRBcmZQd19KZGIycFRuRjQ5QnMtSTFkUFJQSEdtYlNTaGc0NG1BQm4xY1BJNmRQRkd4VlVEeHNHMFFCS0QydEhaUWNpNjFhQ1VVUnl3X3NtMUZYcGVma3hTY0oxUWx3VGVDNUxNeGVz0gFWQVVfeXFMT3I3Y2ZpWTNUeV9BdjJkNGFsN3g4R0N5V3RmSTRyM2U3UDlxZWNMZHZuMEo2OVR1S2kzNl83RjhRNTEtaGxsNDJnWnF6OE00djVSLXpEMVE?oc=5 
Trump Media stock plunge has cost Trump $4 billion in potential wealth - The Washington Post, Sat, 07 Sep 2024 16:13:55 GMT, https://news.google.com/rss/articles/CBMihAFBVV95cUxOczQzb2h4akE5NjJhZW5oUHBIcVpNT2tUNU1jak1rRndfbkt5SDd2a2M4b0RpenlXdEJUdmhFcGtuRTduaFY0cHBrN091a1Q5Z1QtRW4zZ09BWHEtNXR6S3RtUkh0LTltMUpmWVdDNHdYcXRsVHZZazUwVEhRY0Rja2pTeTk?oc=5 
Trump Lawyer Suggested 'Conspiratorial' Action by Clarence Thomas—Attorney - Newsweek, Sat, 07 Sep 2024 14:41:51 GMT, https://news.google.com/rss/articles/CBMixgFBVV95cUxNV2VaZFdVLUFPbVNKOGdFeFdCSU1PbFRRLXJad09vckFTRGVXVWxoTGhLZVlQSTBoS1Nyc25JNnR2cXNGSEVsZG1PVklvOWdHdGxId0RsTWh6d0N0dy11aWsxQ0RQWXBrbXp2b05FNXhUUGpKTnRaMWtXV2lmTVZQR3JZRmhNTGR4Z2luZko4Rk1sVkk3Uzl1WmZIU19OaUcyVFZoSVBveDR3NUpDR3ZKXzFfM3RleURsV2gtTWR5R2plY2k4dUE?oc=5 
Georgia Attorney General Hands Donald Trump Major Win - Newsweek, Sat, 07 Sep 2024 10:11:29 GMT, https://news.google.com/rss/articles/CBMihgFBVV95cUxNekwwUG5DcGM3V2dQNXNmc21JcjBXSV9rbTBrYWEwTGpCSF9pd3dDNGhIa0xPa1o4bnlUanZjVW9KNHd1V0ZLdW5CRHNOc1VUTVo4T1VBQ1V4eHRtaFRWTmNUeml2bGx1LTlIU2x2VUdER0p4b2NOUVVJaDBvWnZfN095MmM0UQ?oc=5 
Trump gets criminal sentencing delayed till after presidential election - NPR, Fri, 06 Sep 2024 18:59:57 GMT, https://news.google.com/rss/articles/CBMijgFBVV95cUxPOWlSZEx2MzV6b055YjBvNGpZUmJJWlBleGd3Mmd4QmtqbnNqdXpYQ3pZc2xWU2Rlb1lkc2ZpRXZLVU5VN3VwQUN0VnMzbjBZYjR5Sjl3NUFnUWRJeW9iZFpjMTE5Y2QwSW5CQ0xWWUgwNzBUelEtTlVBZmZIbEZpdk8yYUdLb3BPM2U1Rm9R?oc=5 
The Growing List of Republicans Who Have Endorsed Kamala Harris - Rolling Stone, Sat, 07 Sep 2024 14:00:00 GMT, https://news.google.com/rss/articles/CBMirgFBVV95cUxNVGNCNjhQa0VIeFBDYy1Jc2VhczZRSUFCUzNqb0Z4NUxUM0NJVnhTRnVzZFlNaTVyeHU1Uk1xMExzU2k1cURuRkdiY3F4WkM3ekZQZlZubUpSOWh0TmRyVTZIejY1SDl4UUdTMzdxbF9XUWNNdW94RF9NODRkVlNwelZLczlBd0VhUzhFczhjYkZ0MGtuR2xHRWc5UjhuZFkwb0R0TWZQcV90V0ExekE?oc=5 
Harris campaign unveils three ads targeting Trump on abortion ahead of debate - The Hill, Sat, 07 Sep 2024 09:00:00 GMT, https://news.google.com/rss/articles/CBMirgFBVV95cUxOMXY2TGxzM0FNazBqeGpzM3V4VGdrX05lY2Y5M3Nxa3M3YXNucHV3NE1QZ3FRSDlnUU94LUNCaldyUUxZUlFKNGt0NTlrdC1aNnRfbk9RRW1WMW5HeVZLRHJ6a2ViSEdmVkJmMTVFYkNVekdjakpqN0xXSUt6YjRiRUhNb0c0Ml9FSjZwanVBM0tncGdKWTdmMTlaMkROOGwtSmNZU2taYUU5X3lac0HSAbMBQVVfeXFMT1hLWFZHdV9jWnpjaXctUjN3bUlRSXNMWnV0a2QyUlNRSUhvYml2QUlDWi1YTEh1cGVmMnY4OThCbW9MTXVBNU9nd3JLcUlMUWFhb1JQLU1VQjFncjB3ZG5MUzZyQ01uTHJzaHZMZndnU1BtcFBJZXFBeEkxMTlqdkhBVGdyTnJLaExrRld1c0NqY3ZNaXRrNjFTR29xZ21aR1F0QWl4d1l5QnNwR0Q3U1E1Qmc?oc=5 
Judge delays Trump sentencing in hush money case until November - NBC News, Fri, 06 Sep 2024 22:20:29 GMT, https://news.google.com/rss/articles/CBMisAFBVV95cUxOLUM1OVRrR0xicDNOWlVlSHd3ZUJVYmR6ODlZVndCYXN0d2tjMzhpaDYzUk8xZHlpeUtUTWFnNmNpVUltWFBYMlIwQlJqXzlhdWRjS0NoekJfSkppZXRuSUtVNjNObDU1UXRTY203Y0w3OG1ubzB5WjVvTDhDX01zenJsSnhXb0RnRFBzd25mSEhDbEtOY2t1aUt0UnlJYkx0LVdIdDNwbld5NWpjNUo5M9IBVkFVX3lxTE81SklxLXNjbFFqSnJlQlBPVl80RTdfc1VfcV9CeVhMcVBDMlcyTmU0SDVCS04yQ1RzRGlBOHk3aWprOGVJSEs3ZmJ4WmI2NHhHVlNfU3Zn?oc=5 
Local law enforcement condemn Fraternal Order of Police's endorsement of Trump supporting Harris - ABC11 Raleigh-Durham, Sat, 07 Sep 2024 12:09:54 GMT, https://news.google.com/rss/articles/CBMi4gFBVV95cUxORzlidDA0YUlyZDk0cER5LXFMSVFPbkk3UUFveG1ZRXNJMVlNaWJjSzRLVnNLTjVEdGphNHZtT3VwbDBVblZSZXF4Y1E4cjl4WFBEclZEaG5jSUNKT3FqNEZORk9kSHVNMVpVMTN2bW83X3lYOUc5WTlBZTZHTHF0XzlZRGFLOWJrMmlQc3FzQ0IzZW5yTFhuNkhoWE12QjI4d1lUSVZBWVdLRk85YVp6QWJlWkptcm1zQmduVFAwdmFwanJJRHA2YTR4MWVqLXIwQ3BEZW9Kak91U3BCeE1SbUZB?oc=5 
Trump’s N.Y. hush money sentencing delayed until after Nov. election - The Washington Post, Sat, 07 Sep 2024 04:07:42 GMT, https://news.google.com/rss/articles/CBMinwFBVV95cUxOVG1LaU1vNUlPdWU2ZDJRRlA3ZVFLbXNMdW84UVZ0UGQwaFhpZlZVaHdiQVRVYjcyY2ZXbWNzMHl4SkthTVNHVHp0dDJVQXU4WldxTkdDYTdXdFRVeGctUXFxLW4wUVBvUXNYdHh6b2VCbWZobk9aREtleG11UHI0RzRMWUVPTlhHRTlPSWlkTk5FeTFsMFNMU2w5OWJtMUU?oc=5 
Opinion | How Harris Wins (and Trump and the Republicans Blow It) - The New York Times, Wed, 04 Sep 2024 09:03:05 GMT, https://news.google.com/rss/articles/CBMifkFVX3lxTE9xNjJ5bHJmcFVYUVRZbGJNc2Mtb216MFI0WDJSMTBLSnIxemw3YkJnR05uSzYtZk1IaVRIcmlXWmpjY0cyem4yLWx2Rl9BX0U1anJGOTh4Vi1TSVV1eWNfZWdWLTBva3dKNFhrbE96TXlHOGtHaHFxdmd3UmhMZw?oc=5 
Video: Anderson Cooper responds to Trump’s false claims about his 2019 interview with E. Jean Carroll | CNN Politics - CNN, Sat, 07 Sep 2024 00:51:10 GMT, https://news.google.com/rss/articles/CBMiqgFBVV95cUxPNUNGYnU0VjRwWV9aNlRiTWtMNDlha1Y0dGtVYTBvc1d2VUdUUmcybWJNUHNHaE5BM1IyN1FFa1Bpdk8xOTFYRlJKN0h2YkNOMTRTbDVFWmluY0padV81WkNGb0RPa2pZQjdDOFJEMlFMZnFLdlVyMXNzYnBFTS1oakJfT0QwTUhmcnZ5YlpYeEMtbS1oRHhvVkdjS2lTMG1ESGdnRnZuQzR1Zw?oc=5 
Election 2024 Latest: Judge postpones sentencing in Trump's hush money case until after the election - The Associated Press, Fri, 06 Sep 2024 20:04:00 GMT, https://news.google.com/rss/articles/CBMinAFBVV95cUxOdjBQRkhyQXUzeTZvSS1sT0xwZll2QjNFMFZUbm5rUWtRRmwtQm1LNXZldktPQ3Z3Q3VaR1pTMkJyQ28tZmF6X0lSNDcxamMzcGxVdGxZUFVnd212cjU1YWE3cUEwc1BaYjZWLUl1ekg5V1dUWWpSRG1YM2QyeGh0dVY2NDZIWktWelpsbmdMdEZzUlJQZHkyTkJLbkI?oc=5 
Donald Trump gets the ‘inside straight’ he’s been hoping for in court - POLITICO, Fri, 06 Sep 2024 21:05:01 GMT, https://news.google.com/rss/articles/CBMiggFBVV95cUxON1FfaUJtM1FJQmZ5elNSZ3h1NVVjbW9ld2RvaXByeGh0Vm1JbDhvOXVIQnhkOEh2ZVh2SUlLUWZIOXZadDJ5Wk4wRnVGZ2llbWE2ZGl3Z3VOUTdsVEtGbUsybFpTMjJ0MmJROEJ4OUk5LXpsSGIyLTRBcEI3dllBMDZB?oc=5 
Column | Tuesday’s debate should show whether Trump has learned how to campaign against Harris - The Washington Post, Sat, 07 Sep 2024 15:37:06 GMT, https://news.google.com/rss/articles/CBMijgFBVV95cUxONW44bmx5aGVvSTZTNDU2Q1VYcWxDN05LNnRUQ01aOXhlOWdvV0FqMFFRVTJZYW1vSnhITXBzdmdyQjBjcmY0UkpRMUJFZkc5X3BqYkJCX0MxYWJPelk1blNKMmdTVEFIMWk0OHM4bUpDYWlzZlpSUkhiZHdOMzczbHBaMlM1Rnl6T3R3b2pB?oc=5 
Trump’s other legal problem: Copyright infringement claims - The Washington Post, Sat, 07 Sep 2024 16:27:44 GMT, https://news.google.com/rss/articles/CBMimgFBVV95cUxQdk5PT1NmVHNjdzRHbE9pbDBFMFhPTlNWbEhxOXBldEk1Y2dVeWpuck5Da2NuTlBZY01aN0hva19UNTFJblFMci1GVXNkRmczZHFOS3NMcUlySU9veXByWWkwR1Fza1FsTXJCb3dhTHpKanplbmxjdzE3YWVsNFVYU1Jldlo3S0dEbFhZTm1EbTkxTU4xTy0zcWtR?oc=5 
Analysis | Trump’s sudden move to re-litigate sexual abuse claims goes off the rails - The Washington Post, Sat, 07 Sep 2024 02:54:20 GMT, https://news.google.com/rss/articles/CBMidEFVX3lxTE5YZmtVYjZUczFvVE53RDJPbmROelllQ3MzZ3k1NGY2SE1uY2hGX2UtVF95ZW9NakxTU28teFdiNllUV0lwYnNDcEtJUVBBZzA0OWZwUlIyc2VVZHZKdVRBazBHcE1HMXBJWUJhd0tPbVRCSzlv?oc=5 
Donald Trump could turn Elon Musk into an American oligarch - POLITICO, Sat, 07 Sep 2024 11:00:00 GMT, https://news.google.com/rss/articles/CBMijgFBVV95cUxOT0hKY0EwOVRRYkRzVlVQME9KSU1vQWdNT2RqaUFqVTVERUwxVGItam1jTnRRVklOVkRYUEYwYW5KRVl2TWFaN1k5aThkQkpkb3VlcUxZSFluRzI1UEVQUEFhcnMwdHVYNG1QaWc1VFgtd1Exa1dmYlBGaFF1cDFQZ1BPTDBvb09QRVdqREN3?oc=5 
Trump and Vance Took Questions on Child Care. Their Non-Answers Said a Lot. - The New York Times, Sat, 07 Sep 2024 01:07:55 GMT, https://news.google.com/rss/articles/CBMif0FVX3lxTE1hb0ZUQk9wbzFkaGNyd1dYWExiNWRGRGdHOU5vRzdMdjVieVo0RUdiVkptRU1mNGtOR1JMUzFnM00ycjA5R0FfOWdLUGpxb0lYcl9PRVJ6d1dsXzZRb3YtdTFBOWtiLXEzTzB1M2dweEpJNUY4R1RycHNoQ1EzTWs?oc=5 
There Was No Good Legal Reason to Delay Trump’s Sentencing - POLITICO, Fri, 06 Sep 2024 22:48:43 GMT, https://news.google.com/rss/articles/CBMikwFBVV95cUxOYVNuaHVMRnFWeDFDZzA1MVVQRmt0dXBLQVlQOHpfbDc5d0RsNjEyZVlzTV9LV3NZSE9tNGJEMWVkOTI4Ulc0VFRxR2Zibi1JRFRocl9iMXVQZDNjRTVGal9DTkNpNW9DaWtkWjNvbFJKSTNZcG5rbnNoeGpLRjRzd0x1bEFJbzI5R2E2eXA1eVhWSWs?oc=5 
She asked Trump about childcare. Why she says his answer means he’s ‘not fit to be president’ - CNN, Fri, 06 Sep 2024 21:59:43 GMT, https://news.google.com/rss/articles/CBMiowFBVV95cUxOekNxNjhXaS1MU0hFcU9OWWlFbzZveS10UTJENHBKS2NId1pnSndTaHpEaGlUNEE1SHlDX3BMNVBRc0s1QTA3X1l1VTB1SXNmVUVHN3lRb3lNM21qMHB2eUNBdlZrUHhhWmxkTUtDS0RITXVLT2lEWWRrR29MTW5pMU5Odk9pcU15WE9SQWtXcjMySTRoYWs3RHdrLWNCdHc1M3BB?oc=5 
Dick Cheney says he’s voting for Harris in November and Trump ‘can never be trusted with power again’ - CNN, Sat, 07 Sep 2024 01:09:00 GMT, https://news.google.com/rss/articles/CBMijwFBVV95cUxPbEVUemNWUmdsblY4MXkxYW0tbUdoREpZdUludDBQdHd6OWhGRlJSN1h0WkNuV1hiTlZja25DMVhWRTZ4dGxZUW5JOXlZZkJQRFFyVEFfNzhIMVhDamVqYjI4QWNySjZqc3ZQa3AwYTZnN0lUOUt2dzZ5azJmR2ViVWJOallLSDlfREFwZ19XQdIBhgFBVV95cUxNQjBteXl5LVVabDVnYVZTZEdBVGlRa3VaRzdLd2xwcTdULUZnZlh4RGZHYm1tWXAyNlVNT3ZFNlFwNGpQQVNOaWk4UEZjWVdydEUyRzJxMy1TVmJ3dkJma1VHNTNfWXpseWptYmdTV3J6UmlseGRHeHRxOEpmaG9JTVNvckxOUQ?oc=5 
Brooks and Atkins Stohr on if there's a double standard for what Trump and Harris say - PBS NewsHour, Fri, 06 Sep 2024 22:35:47 GMT, https://news.google.com/rss/articles/CBMiugFBVV95cUxQMTNrVmZ0OTBQdGhGTlI0WXhCUGw0UW9pMWYtbzFmREl4aExCQ21jZzFzdXh3cTNGY0xUdWF3V1VMN2dSQzlCUlNnQUhJRDZKQUQ5aDhfRjg1RmJXQjZIcGt2QXREZ2RoelZLRUlZUnhwUVZZUXE5aTFTSmhWbWg5eWpOSDA3LUtYTjl5LXY5dFdEc2p5UzBkY091bHVLbFFGRWJqY2w1S2ZQRklHTVRYck9uN3JkY0pWU2fSAb8BQVVfeXFMTnhVa0tSSVdic0N1dkIyUmt5VHNLWWxZMzM0ZFdGdVZIdE9SOHdWX3NKS3ZiY0NIVHdVem8wdU5jeW9oOHltTEJ4R2lPRGtOdFViUXlBaFY5TFRwQ2NrOUtqQlNGOFpLS3h1YUdkTno4QmlqWGFqcWlhWk42Z1BydTFLSm1FMlpKNVlvbVlpYjZGUzB4bVBfMUxJd0pSYXJHUlFxTjBwREZVVVRuT1JoXzBtMFRRdWg4TGxMdXlNRmc?oc=5 
Opinion | Trump and Harris Get Set to Debate - The Wall Street Journal, Thu, 05 Sep 2024 22:17:00 GMT, https://news.google.com/rss/articles/CBMiogFBVV95cUxNLXl1cnQydERZMXhPRmlILWhhdExYR1JMZWxpY1MwcVQ3YS1IUGVOZEwxc3hRWmpPS25ySHpPd3VJeTRmdXl3OHlyMHJXUlZuRlltMWg1Y0wyVDVaaE1KdmZ1RnhiWXB5b3V5ckpiSThhUWNvM2g3Zlh2aWgxbm1EVFVzbFItZjFUa3lNYmh2cXVYNGhsY1h4bkNqUEJRWEZ4d1E?oc=5 
Master Calendar of Trump Court Dates: Criminal and Civil Cases - Just Security, Sat, 07 Sep 2024 03:48:57 GMT, https://news.google.com/rss/articles/CBMipAFBVV95cUxONWs0ckRIX3NteFZrQzFrZG9BZk8wX1Q0RzFqeW1nWjVLbl9Tb2ZnS2xreXdoWDZKTmNvTUhkTDRtY3RiZkt2eUJpMndKazNDMVE1M0N2N3BqNkhBU1U5R0U5LXpOdE92U2lYcXBwdlEybFFGTDJSdkctaGk3d05HNHVUZmdEMHBpWGFjLV9SSnZWQ1FlTjNmaHBxbjNHbE1oQlNZSA?oc=5 
Trump or Harris? Israelis discuss presidential choice as war with Hamas other terror groups continues - Fox News, Sat, 07 Sep 2024 12:52:03 GMT, https://news.google.com/rss/articles/CBMiuwFBVV95cUxOd3JSbjJEMkpMbmZua3N5blpBWFVsZjFTVUJyT3Y0UHhfVC1fWjRGN2xWVUxONmtJNXZubHFOdlUwT05fYkdvVDFGeTZSSDVkdkNhSzk0a0FqcXlNY3VZeFF3T1JxcE9fWXlhNjEyTFkwTVVjVWtPVlJLaXZMU0J0dFBfcXgxVlVrVGJsNU1WQ0swdVJ4OWtHRzlFVkRQMTlCT1VYWmQ1eHBxcWpqTDUxR2V5YUM5dHEzcUE40gHAAUFVX3lxTE5KOHd1Yl9rV1h1NmpWaHZZRHNnWTJXZXJrSUVSSF9McnJHMHIweExra2g1aTZ4MEpJUWk2UlR1SVlhNUswS2p3UGppRHdycldnUVJPbFlmUDFnbW5SdDNMLV9INEVnN2ZxOGo1Zzg3VV9uSWN3MHhwOU5DYUJhNWx1eUZleTUxcjZvYkJZV2NEOXNUTFNhejlBVGc4ZUpjRUhaR1ROaEpsYTNJbTlFR0FsdXJzRUlOMzc0amNmbnRLYg?oc=5 
Will Harris Get Trump to Self-Destruct at the Debate? - The New Yorker, Sat, 07 Sep 2024 10:00:00 GMT, https://news.google.com/rss/articles/CBMipAFBVV95cUxORUJhTUhfZldzbExqQnlsN1V1aHdtNDJuVW5QeXgyeGxGSHFxM0YwTHlyRjRNNzZCYWpJcldLVVZ4MVpiOG9HV3hzTFlUNzNxTmV1ZGxOaDBwR2dIWHRfakRYRXNUVDR3R04wRTczS2YyTURRTndoUnVSYnJ0VmpadVJReU5neWtudzBBVEJEQ3lQUzJSeDlQZjUwaHQ3MXFmZXBjSQ?oc=5 
Trump in court as lawyers fight to overturn verdict in E. Jean Carroll sex abuse suit - The Associated Press, Fri, 06 Sep 2024 20:18:00 GMT, https://news.google.com/rss/articles/CBMinwFBVV95cUxPdmEtUWVGbGY5SGVTQzRKMUpQd011ejdpd1JVcUJyZ1JKY2ZkSEdhdnFWeGhHZTBfMG5kMmc1N0xKam5EVnNUdWt0dHRkcWJlaFBoNkFsTloxazJYRVlQbVF1NDYtTFVKbDYtQk53Q0h0MmE2cy11V1NEMDdFRUQxakw3Z0g4dVZWQWl3MDhOU1RrVVpGVHZYMlJZcUFFY1E?oc=5 
Trump campaign shifts as its path to victory narrows - Axios, Thu, 05 Sep 2024 08:33:35 GMT, https://news.google.com/rss/articles/CBMidkFVX3lxTE02OTVraDV3Y3AwT3ZhUXpteG4tRXZjYng5WkFXSC02R1BRUEdFWXJhVWNUdXVNMWJ1ci1HTGFWcVBRLWxESTRPM2dXUXZQc01ySGt1YTEzS3NrT1dCX2ZCQ2FRZnpyc1dya3NRS2RjQlZXS2RBb1E?oc=5 
Haberman says Trump dissing his legal team ‘a way to show dominance’ - The Hill, Sat, 07 Sep 2024 13:32:00 GMT, https://news.google.com/rss/articles/CBMitAFBVV95cUxQa0FBNDZndjZNT1cxZmRPQ3c0d3hPRnRUbUZEcG1oejhfVXl5dHE3aHVBTGhHaVc3QW9JcXl2bHl6T001QVFGQmh3ei1yLXV5elZ5VDBOSU9ORkk1LXJJT2FSem9XYmgtODhZTEY0blVncWZSaW8xa1lwWHNEZ0NRVGZ3bWd1ZC1SazlaZHVrZnhjQlotVWdKNDRIOG1Ia3JvM2hmQVc1dWpfS1B4R1pVNVdOZFjSAboBQVVfeXFMUGowcjR3eG1NWXgxck8waFNhcWxDR0gtcHNrRlpTU1pfcHFoNkFyZWdpSWt6RUROWXNQWVJSRVp6Z3RpNGlhQlNUM0t6UmFqaTI3Q0ZFZHdfeTkyamVoMVNYRzRJYzRSUEhPTVVkMGtaTDNBdG9vcS1mWDd2eUhpTFMwcFJ3dWxKS2dEWGNTcnZZUnFpV2JLa2xNY2syODVkdVlGaW4tQlF3Q1AyLUVHaTVUR3dDd2VURFVR?oc=5 
Nikki Haley asked if she thinks Trump is a "good candidate" replies "I think he is the Republican nominee" - CBS News, Fri, 06 Sep 2024 21:00:00 GMT, https://news.google.com/rss/articles/CBMieEFVX3lxTE1HMGJGenBfbldYLUMxd1RpaDd4QVhYakdpSzlpbjVMaXRWLTZybzVnYUdpNzFCNEVBWV9jVWxtaHF0ejJhblVveXRtcl8weXR3Nmx0TVBzb0pKc3ZyQkRlRGh2Ty0wU2llanE0amZ6dl92cDI3UVFQMtIBfkFVX3lxTE90MUk3QVVIVUx1YmxseVRNYkR1NW1PQ1Y2SW8yX09CTGR1UmduLS1uV2REcmFVbkw2UmE5NXJsNGctWHA4Nkp5aTFTVTZYLVNuTUVsV0VpbG9qcHpLMVdSSS1uNi01UURoWDdtcTJ4UFVZTHFpZjJlaFltbUx1QQ?oc=5 
Kamala needs to ‘man up’ for her debate against Trump - The Hill, Sat, 07 Sep 2024 13:00:00 GMT, https://news.google.com/rss/articles/CBMiekFVX3lxTE9VZHF5OHoxc0dXLVphYk9IMWNUb3pmekhucV9Vb21xR0QyMEJLeXlNWVI1YjRvZXNYMEh3WjJvdVlkTHRsYVJjNXBESWV2T3cxVHdKS0RsMnVLMzRwS0JMaGN1dExYcTVFSWpuYkpmaGNCdkJITFlmN2tB0gF_QVVfeXFMTnZxX1ZzZVFTcWN4RHc5dTMxak9ETDN1UHVfYXI2VktiWDRweF81b3VxUEd1a054UlpOWldwbzJGYjdsODIyTkdhcl93RndIS0NFMjc3dzlTci1RY3VKUEFBdF9JR1Jod0hndHEzS0FiMGotM1R0a1lmZTNoSWxTaw?oc=5 
Judge delays Donald Trump’s sentencing in hush money case until after November election - The Associated Press, Fri, 06 Sep 2024 21:30:00 GMT, https://news.google.com/rss/articles/CBMisgFBVV95cUxOQzF6OEtlWTFHVjBlOFBSbWJmakR4WnJDZjZZenBRbHNaYy1qSDNvR1NJdFg1YUJpRWJuRGZWcTdVWHgwVjZENV9DNEVRSUJfM3ZjNW1iOEFIaEF2c1hhWFZTdW42XzNRR2pnY25pcUtzQ3JpcjUtV205alRQNHlaWk9MZkZGOFkxckFmTklpWE1zcXNaMTRwTGJ2QTJmNmNfWTFialJBZmxVdzJlMEY1UUVn?oc=5 
Nikki Haley on supporting Trump over Harris: "It's not a question" - CBS News, Fri, 06 Sep 2024 21:00:00 GMT, https://news.google.com/rss/articles/CBMimAFBVV95cUxNR2NLNmY3WDdZMjlLN0Z1RXB3YlpiNURwZ1M1enNtWEJIU0ViaGlsQjZCcmJYeUVNT1hSdVdHbGFZajl5bmZzeGZZaVRIaWFlUVI3UlNmeVRhWGEweHNwX1AxVUcxVnB1X2pKemJwa3dkYXdTQ2hyTVZ6WnAxa1ctN3ZpUE1ZT3dzMDVvSkZLa0ZvWWtzX3Y0eQ?oc=5 
Harris narrows Trump's lead in Texas poll - Axios, Fri, 06 Sep 2024 20:47:01 GMT, https://news.google.com/rss/articles/CBMijAFBVV95cUxQMmlOVkx2VW1pOVdlSU95c054dnlSaXZSc0JaajJhbWwwS3Frb05EdGhQaXZpMVJFZXRGOVNDMmxsdkxzYWhNU29WT3NuMzVzV3NRZFhic2ExcnhvOFVxLTRIY2pXdFlsNlJyX29YQnk0ZXhxRExydkJ4RjZpdnlkNmliOTRJX2lxLU5KZA?oc=5 
Trump Trailing Among Women Lashes Out at His Female Accusers - The New York Times, Fri, 06 Sep 2024 21:42:08 GMT, https://news.google.com/rss/articles/CBMijgFBVV95cUxQQkJMQWhMdGdWR0RhMm9yY1VUUGRwX1hrYmUxYTJ4YXJpazhRcGYxUlJFakpyOWZIYV9WRUVoUG5sTzFueXRpbXpLdGcwbUZuR0ZjazB2QlBqUkpoOWZCSVRzSnpsRHJtb1BGWE4tQk5PUW9yaC0wUmpmOEpoTFRjYU83Qk9pTGNVcEZYbGNn?oc=5 
A New Level of Incoherence From Trump - The Atlantic, Fri, 06 Sep 2024 21:00:00 GMT, https://news.google.com/rss/articles/CBMiowFBVV95cUxPcVJwd0h0NDhkNDZLa1M5ZTNDS1Q3dHVVU3lXSnRMWGYtRVpDdGhPNGYwVVJuS1ZwRDNuMFNvR2lla01iWWZmaFFJbDRQSVZKQ3NDV3JEd1R5T1NkckZCTkdkekhIZ0diU1pCdWE2ZXdRSlJLMktJbEV3RUdwdmZfVDRfdkw4N0VTcFV1ZkIxSlZzSkVIU2FJU3NGSnRmRXk5M1Nj?oc=5 
Wagner: Where is the avalanche of coverage of Trump's cognitive decline? - MSNBC, Sat, 07 Sep 2024 04:31:11 GMT, https://news.google.com/rss/articles/CBMiywFBVV95cUxOUFNtVDRXazBkX2lTVlYxUW5JQTR4QzdmaEx1Rm5QV3lNWE1henNsMVdmMzUwUUhsWWIxclZsbml4R25KZjFDMjNkRV9TWURNR2h6VkotLUVBTUFRa05oVVNDM01TSUExQnRzRE1QNHZyZ1NjMU5iZDdjMTFOLS1QdTN4TVpfaGFlb2lJZmpnX2QtanV6UVNWblV3VEFMU1lrVl9jaHlVWnZTdGc3RWxDRVJYNVBFdjUtd0M5OGdxTWMtLWFybXVSZ2Jjc9IBZEFVX3lxTFB1czlnRzZRaVhrVXpNV1gxSHBJd2xsZUNnTnZFZEF1VU1IT050UjFRUFhOQmRCWVpPYTlhdUQwSnRjaFdSNkx1WDhkaFlPdHFjWXV4dENVZUMyRS1OU3lPb2JhNTg?oc=5 
The Little-Known Lawsuit Holding Trump Accountable for Jan. 6 - Slate, Sat, 07 Sep 2024 14:00:00 GMT, https://news.google.com/rss/articles/CBMiggFBVV95cUxOdS00YUxVTXpJc09yeTZNeDZhVWY5VVY1MDAwR0Z5RTlqMlhtdG9RTzA1QS1SanF0eTlybmJzWTNiaVpxX210SWFocFUxekU1YkJXU0IyaDFmaWtqNEo2NFNsMklWcXBaTmJZbTdGMlBJdUYyMkhSM25qWTFrUjNwQ1J3?oc=5 
Donald Trump criminal sentencing delayed until after election - BBC.com, Fri, 06 Sep 2024 17:28:56 GMT, https://news.google.com/rss/articles/CBMiWkFVX3lxTE1DeTMxVE9pcVp1dy1vclM4RE5vcDg3YnlyWjE3N1pfeG9rS2ZPcHhjWXFDdl9JcWI1ZnV6VndsTXJEWnEydW45aDBNTEtPa0pjLTlmd0ExcUpxQdIBX0FVX3lxTFBmT3A0OFJ0c1VrRkg3SGMyZDM3bHlTTnhtWHF5Q1J4MmRqZmxDOFdUMDF5eTZiRjZsVE9TYXQzTXJQV0RVMkdkQnFkWkxZa0pqSXVETFVzMEdFaFh0S0JB?oc=5 
Judge delays Trump's sentencing date in hush money case until after election - Axios, Fri, 06 Sep 2024 18:57:05 GMT, https://news.google.com/rss/articles/CBMic0FVX3lxTE40UzVOZXp4akxvb1BrSEZTVlVTcXJ0RzFOVy1qWUZLRU5LYWR5UGxTMFF0Q1JNeUI1WTBBSUVrY05YSUVCOTdPOUY5SGFMR3lZWC05bXdIQVNnY0JSMVBuSU9WVmNjeEhRQk1xRnN2RXd3bEk?oc=5 
Judge Merchan was between 'a rock and a hard place' with Trump hush money sentencing - MSNBC, Fri, 06 Sep 2024 18:02:30 GMT, https://news.google.com/rss/articles/CBMi3gFBVV95cUxOcnZFNkprOVJzcXBKdkRqcHVHenpqWmNOZl9GYldERi1zNFFia2ExUWhSVDF0UmZEWnhYT3Myay0xSG8wY3R3bjRDdFU0XzNERlF6Ykl2WkkwN05KbER0dlRPUmlLTlFTSjNrZVhhSk5DemZESTV1OXhfWHNfYUFwNERVRXhmTW80MXh3bzNjZ0ZkQTVmNEJqQjRHS1diT1dmQnQ5Q2QzTXVGaEVuZkZCZmdIV3VqZmczMFc1YkVydUJibUdsX2kxX29KbzRNcmh4amttQXFERzBqWk41OVHSAWRBVV95cUxQZXcxRjV3Uk43M0xNUmhMWE5LQ1hUV0xlZlFsd0VXTFVLaXFySzd1VF81eTJpbGhSWTkzUklpMFlRZkdMTnpsc0JUVjJRUmMzWjhkZGdxRVVwTWJCR3NBbWZVNTNH?oc=5 
Column | Now Trump says the photo of him with E. Jean Carroll may be ‘AI’ - The Washington Post, Sat, 07 Sep 2024 01:20:59 GMT, https://news.google.com/rss/articles/CBMipAFBVV95cUxPWWxIV3JGV1hBOGNnWHNpUXE2b3VoSjJIZUVxUTVZdVZPVXl6YUpqb3BnYVRGdlRIRGNqOWN0emRpVm1EV3g0MEsyclFlRVdUUEltMlYwS0FsemtKeHZCNzVsWDJydzFzNG5kREtwckd6YnFNbEVPcG5ULUVTT1FIREVtcTkyMkxYSlpuUmJiRWJLaW80X1B2UEFpZnEzbU5kZWpNMQ?oc=5 
Dick Cheney supports Harris says Trump ‘can never be trusted with power again’ - POLITICO, Sat, 07 Sep 2024 00:08:53 GMT, https://news.google.com/rss/articles/CBMilgFBVV95cUxQVjV4Y2Nic1k1Si1rOGdJQXN2aTkya2I0bWM1WUh6V3EzXzhmdWhYUjJJT29hTXI5eHNpRlAwQWpUYUd5V3QzVFBmOWtUelZ2cDZwcmpFQ3dKT0xzUk1mVm10c0lLM09kSVhRdlVnRm1kZmlTN1NBT1VnbTdZZ01waUpLcWR5b240NXJOUlgzd19yZVVsV3c?oc=5 
In cringey Fox News town hall Trump portrays himself as selfless hero and unfair victim - USA TODAY, Wed, 04 Sep 2024 07:00:00 GMT, https://news.google.com/rss/articles/CBMiogFBVV95cUxOOTlrMW5Oc2RLQmRHQy1lT3dXLW9samJKWDk2Tm5lQVpZN0c5U1o3MmVrRjE3NzVOTnVZSXZxUTRiZHNTMl9nVmcxZGJUZG5PLThKTWxESGtINVNicWFydUEyRnlqRVdyYVB6OTZzbTE3bnQ5WERsT2xYTTZWTEJlMHZLMGtyWFBiUGFRRXFNOVl1UGlYajlOVV9NeFNvQnNBRGc?oc=5 
Trump lambastes women accusers in lead-up to Harris debate - Roll Call, Fri, 06 Sep 2024 17:58:08 GMT, https://news.google.com/rss/articles/CBMilAFBVV95cUxNX1V2b0JvRnJMNDJIWEdkbXRnR0o3QmZIdWZobXAzSDR3SHExZDRXd0toZlFON3k5ejVONENLaDh6MUFkYkNxQjA1SXBOMF9BZUpWMTAtaVVsU01oV2FxYjR5NDkwdGM3MFdPQ0x0ajlaQkh4ejc0MkQ4Q2lJaTIxZWpLQk9aQ2ZUeHdNNGZOVjhIbEI0?oc=5 
Worst possible outcome for Trump: Why Trump's sentencing delay may make 'confinement' more likely - MSNBC, Sat, 07 Sep 2024 04:02:34 GMT, https://news.google.com/rss/articles/CBMi6wFBVV95cUxPbV9tMjJkNWNPU3FrNDFqMWlFT0VTb0lpdjZiOHFKWkxSSHBfMVR1clMyYVA5WG8xeGpOOWdwQWFBdGdxY002YnhoSDZ6Ty1QWHI0M2tZLWVGN1JFd3VoNWVDc1hqc19sR0FfTVZBN19FZ3NTRHFnelNYN3JDcFRvb1Izc0Y3aWVGM0gwZzJDVkd5bjBUeU94d3VCZ1RoZzgtOVh1dEpLaUkwRzdCZklHcFgwSTE4VUZkcjVsTVVCYktBN2dRX3BPbjktY1o4cnZ6YlZsSXdtYmlfdEtQdjVYRnUyZ1NxeTJ3TzdJ0gFkQVVfeXFMTlpoazZ4bEkyaGRJU1RyYTBrdmdCdlk0Z3ZxaVNyQ1M5eXZ1SXgwTzRrWFI2bkRhZDUwbGhxUF8zXzVSREJuQUdsbW51TE4yZTVaa1BETU51Vk9Tb2xqMjNmQlRPVg?oc=5 
Trump's lawyer says E. Jean Carroll verdict tainted by other accusers' testimony - Reuters, Fri, 06 Sep 2024 20:43:00 GMT, https://news.google.com/rss/articles/CBMimAFBVV95cUxPOFF6MXFEeFFBT1YyNlhud0lKa2NNNEtkSWltUzFqdmE2NW1JZF8xYTc3eVdJNWxoQ0stN19mLVRzVzBBd2lKNXFVVzVOcEJpV09jMnJHR1N0VEZiQnc1Zl9oZm96Vnd1NDlLblU2X0dObzJaTzdINFEtcXhCMDNzV1RLZDVMeHllMXFZVm1yUzRwTXQwQi1VcA?oc=5 
Trump mocks sexual assault accuser: "She would not have been the chosen one" - Axios, Fri, 06 Sep 2024 18:18:47 GMT, https://news.google.com/rss/articles/CBMid0FVX3lxTE5FM25XdnB1MG5yZlBTZ01MWGZSTTRFY2FuUkRYUkJobHA0cjNxVTFvalY0MVpQc2FkY0hYS094QVRfcXNXamdkZW1zT1JuNUNYVk5BZElkNmpWaVF2bklDeTdJeG43Zkxablo5c0hnSEtqT3preF9n?oc=5 
Josh Shapiro: Trump ‘failed the test as commander in chief before’ - MSNBC, Fri, 06 Sep 2024 01:15:43 GMT, https://news.google.com/rss/articles/CBMisAFBVV95cUxNemZsSHAyYWlseWg0ZkViS09YRDB5VF80Sy05TGstSjlGbWYzSjBxTWY3d2tnWmhRalpRcmlPZmJnTW1uWkc5Vk13VXFPUThXSnJiNVdEblBveGpYclU2UDRDTW1JTnIzLWRHTzA1ZDlaMEEtS005U0xMekFCUWd5TlZpZDJoV24xdjVNWG1lbFJoQXUtb2ktVUdJOV94N2lFSE9zSjdBNHo3NDV3VWItNtIBZEFVX3lxTE5qYkF4SW9pWkhZVDQtQUdvdlNrS0VCVHI3a2NIZVMwMHhjYVBxZGhWZlBFN2VfSFlOZktQZkd2WjhuTUFEbFE0QlZPb3VncW8xeWh4Y0kwVjcySWpoYjBVZ3N6dGg?oc=5 
Stakeholder in Trump’s Truth Social parent company wins court ruling over share transfer - The Associated Press, Fri, 06 Sep 2024 23:38:00 GMT, https://news.google.com/rss/articles/CBMilwFBVV95cUxQMHA5V3dPUHgzazA5aHJnVUdtdlpqMDZlR2dVN0hySE1BZl8waWlRNzN2VlBSUzk4RGVmMUlEbGVsNzBZZFYxaDlSaHFPQk9aVGpIbnJUaUJUYWtCb21uX0hSN2RFSlY4OFM2ZDNLZzJEVlJGQ1BqYVc1NHZZTjBieWVEWmtjNFotWHR1SjYxXzN0dS1wbkc0?oc=5 
After court appearance Trump rails against legal cases his lawyers and the election - POLITICO, Fri, 06 Sep 2024 18:46:50 GMT, https://news.google.com/rss/articles/CBMikgFBVV95cUxPTHdOcWZQTjNZVFRIUTM2djB6Z1B5czJYbW1ZWXNLMHBkNFVQelhiSkpJbWFPUjhPZDlKQlVMMmtlcTJoOG5QeDc3SWZYOVFRcHhZN0tZdHl3aVllS19adS1kY2F5UHlGbkRYdkZWWkl6RHhhX01ha2thU0FSbTVWc1Q3NVZ5RVpFTThiQ3FyRUFiQQ?oc=5 
Banner urging Penn State fans to ‘Beat Trump Sack Project 2025′ to fly over Beaver Stadium - PennLive, Sat, 07 Sep 2024 12:00:00 GMT, https://news.google.com/rss/articles/CBMiywFBVV95cUxOelR5QkZsalZHLVpKUXhzWGRWNWktaVNSa1E3TE5scWw4UnJaRVJFMEJaR0tiOHhQbXFSa3VhQlpraXpzZ3QzTGFWQ3VrdTl0TjlqS1JKMWtUajFkRW1yZ1gxNGlUOTdER3NqMU1Dbmd3STFlN0FGRnlvZlB0V2dwLVF3ZjVaVWRzWnh4dDdPUVdaT2I2bnJ4REtxOUM1SmJXbVpUdF8wM2JadnV6QmI1WGY3d0l6OFRHN2hDbU9MWnRMZnhHR3NjVFFiZ9IB3wFBVV95cUxPVDJxVWFodFhJeGJvWHJubnozamNvcXI5VV8zWWFROG5xSmFfSlBBWWp2RnZRZkNTNjYxY1BBTkl1aHR1Sm1kRnFDVFVqS3ZvTFY5X3otQV96RHVqcVVaMF9IeHY2V0VnY3QzakgyU0E4VnFvb05ydUJPbTdIcjRIbndpdEViNi14dVFuZnBIN0NpbXZLbFFNUGs3RGxGUXM3eWc2M3dLdFp3YlVERTQ1cUNmMWNIMjA3X1A1cU43WXpWbjNxV0M4dlBEcmZaTWZuZm5pdjdjb1Q2TUZob2pV?oc=5 
Column | Following Trump’s train of thought as it derails on a child care question - The Washington Post, Fri, 06 Sep 2024 21:19:56 GMT, https://news.google.com/rss/articles/CBMiswFBVV95cUxNaFpGMXdJRm5EcHlPU0RQcjYtYXJkWm5LenllN1p6cHF4b0lNTzlJVFl3T3llMm5TXzY0cGpOQ2J3TXNodWw0Ulh5WDVYZ0ZMb1JTRmFVZU5Cem12bFY2b1RwVnpRcC1hak13QmZFT2ppYUVBQVlYajhFa21TeVFaRmZCMS1qRDZ5MEQzMjF4QjZvNHZGbXlkalZYSkF3OHhXYkg2bTRnbWJ5YXd4V3N0WHkyUQ?oc=5 
Every time Trump denies he sexually assaulted E. Jean Carroll he runs the risk she’ll sue again - PBS NewsHour, Fri, 06 Sep 2024 17:13:41 GMT, https://news.google.com/rss/articles/CBMiywFBVV95cUxOa0pRaThaYVVOVkVWWHlUWFVMbU9ZWmRIeVRvdjY0aGs1MDlYZ3F6QWJmRjZtcGRKcEdSSkIwaTZJakF5VVB6N0NVeDNOaGN4ZHQtSnNjejdENV9UY3haWm0zbFdNaU0zemdITVpqd3piSEZzUC1tSktsWjZGVHZuYkhtcUo2aE5fQ3Nfck94V1lwZ210OXNELVhYWWk1Nl95TGp4WVdla1Zsb0JJb3Y0UTBkbzRGMUVub3BNV2dzVFotN3VmaEpTMTBhUdIB0AFBVV95cUxOMGNXcHM2dHpET0dfRF9MOURYV1lpLWxsLTQzVE90Rm5iSUJsRnlXUnJoWklqV1dfUGl5T2lkUVc1N0lqRUw5UDdiandVNUN3SEFaN0RIdjZYRVZDZG5zU3gzdmduTk1WelpZNHFId0dKSElTekxxWXFrd0x0V2hYRHo5dmJiYkNKYjk5MElmZ2pla09sMmZPQWtQQ0hTNDFxWE9EQmFaSzFyM3hwSFp1eHA3VWNBR3hEVkpub0ZUV2NjSzRvYVJTOVFEWS1vZlRx?oc=5 
Trump deputy campaign manager identified in Arlington National Cemetery dustup - NPR, Thu, 05 Sep 2024 22:47:05 GMT, https://news.google.com/rss/articles/CBMiogFBVV95cUxQblVrbUpoQURMaFhZYzRsN3Fsc1VuSHg5SWc3YllvQ1czNFkzOEc0Nmg0bnFQYmo4c20tWEpHOE5ncnVKZ1dUTm9VUmo3VEdYcG1tQzJFRFhxM09NYkJfbGJ3bjVnUk9NeHE4NjZrRERvRXUtbE1HX3BLblBuQmpmXzJFSmtFODNTWER0X0x0Z1dza21ISzduWEc2NkVYcVcwZkE?oc=5 
Trump hush money sentencing delayed until after November election - POLITICO, Fri, 06 Sep 2024 18:27:21 GMT, https://news.google.com/rss/articles/CBMiiwFBVV95cUxQeFh5MWJualFFNkJuWmN0TURoN0NUUVlJaUl6X2gwenItdXMyeHAzTThGVDE4aXh1UjFIY3RFdFV6dndNVVptVWp6eEJGWThIdjBDaExfOE8xS2RxMW1Sbk1sM1doSUREaTZXckR0d0h2eUdSZEdXaW5rbmIzbWtOZDJZdUhwZGgxbjNN?oc=5 
Donald Trump’s new sentencing date in New York? That could be delayed too. - MSNBC, Fri, 06 Sep 2024 20:41:26 GMT, https://news.google.com/rss/articles/CBMitwFBVV95cUxQTUs2UzEtMm1RTTRRM3RvdzF4Wkg0cnU1MmZJY09qQjd5U1NXQkZadGhYV1hGbU5qZHNRQy0tdWFyd09mRi1iejZqSFVaMmw2YVl6eVJMb3A4eGMxazVxMUxOMHBmYnhyOXZOSlhlUlRjVGVGdm9UR3c2WlVtSHVHa3pPTzZMN0ZmX1ZVVWc4dGZPT2pKRkt2RUJ1TjBzQ2ZBcHlVRUoydlhHcUNKUzgtMGtzd2JXcWPSAXxBVV95cUxNU213clAxMmtDQTFPWkYwRGtuejg5eTVqeHhpT1MyZGxCZk9CYlBMeER1ZWYzUnBFSnNIcDl4Q09jbDJKdlNudjdGSVV2MTJIQS02Y0dMbXNvR29Sak9ud3JpUWtUaEdsMk12cHR5LWNZLXhaR0hNS1d0YklE?oc=5 
